1,James Bond,female,39,left,76
2,Michele Jones,female,26,left,66
3,Elizabeth Brennan,female,31,right,91
4,Darlene Baxter,female,37,right,45
5,Michele Young,male,42,left,59
6,Mark Hernandez,male,25,left,57
7,Brittany Rivera,female,41,right,20
8,Jessica Lynch,female,31,left,55
9,Jennifer Harrison,male,37,right,89
10,Pamela Anderson,male,37,right,83
11,Jennifer Copeland,male,39,left,47
12,Julie Adkins,female,45,left,73
13,David Velez,male,37,right,89
14,Catherine Summers,male,34,left,21
15,James Delgado,female,17,right,46
16,Kristopher Pittman,male,16,right,61
17,Dr. Ashley Reed,male,32,right,77
18,Stephen Foster,male,31,left,75
19,Allen Miller,female,30,right,66
20,Robert Shepard,female,27,left,42
21,Krystal Patton DVM,male,45,right,50
22,Jacqueline Frazier,female,34,right,90
23,Kerry Blair,male,38,left,72
24,Jesse Harris,female,32,left,47
25,Albert Brady,male,42,right,64
26,Sally Mcpherson,male,32,left,76
27,David Webb,male,37,left,98
28,Patricia Jimenez,male,40,left,70
29,Emma Scott,male,25,left,16
30,Travis Mccarthy,male,18,right,40
31,Kathryn Winters,female,37,left,85
32,Linda Willis,female,19,right,30
33,Bobby Wilson Jr.,male,16,left,2
34,Chad Long,male,31,right,94
35,Melinda Sims,male,33,left,71
36,Andrea Jones,male,43,left,23
37,Robert Jackson,female,35,right,18
38,Eugene Ramirez,female,29,left,99
39,Frank Huang,female,21,right,9
40,Carrie Gregory,male,16,left,39
41,Emily Figueroa,male,28,right,48
42,Mark Mccarthy,female,39,right,60
43,Karen Valenzuela,female,24,right,5
44,Carrie Perry,male,26,right,90
45,Luke Carpenter,female,33,right,14
46,Danielle Mccarty,female,34,right,4
47,Oscar Castro,female,37,right,62
48,Scott Riddle,male,37,left,39
49,Jonathan Mitchell,male,36,left,19
50,Clinton Moore,female,20,right,95
51,Melissa White,male,42,right,11
52,Jason Marsh,female,33,right,89
53,William Mendoza,female,26,right,26
54,Jason Morris,male,44,right,68
55,Michael Perez,female,34,left,98
56,Amanda Wells,female,29,right,2
57,Kaylee Williams,female,37,left,25
58,David Evans,female,35,right,22
59,Christine Kim,female,37,left,91
60,Jason Chung,female,22,left,35
61,Vicki Hunt,female,24,right,34
62,Robert Moore,female,42,right,35
63,Megan Haynes,male,22,right,70
64,Seth Whitaker,female,43,left,12
65,Jeremy Holland,female,29,right,42
66,Dylan Stephenson,female,38,right,40
67,Michael Khan DDS,female,32,left,26
68,Tyler Williams,male,24,left,36
69,Michael Rose,female,42,left,0
70,Gina Mckenzie,male,40,right,48
71,Amy Flores,male,27,right,10
72,Sara Macias,male,41,left,46
73,Benjamin Reyes,male,38,left,18
74,Robert Macdonald,male,44,left,25
75,Shelly Ross,male,43,right,6
76,Keith Garcia,male,19,right,27
77,Michael Ramos,male,35,left,45
78,Carla Knapp,female,34,left,5
79,Jason Mcclain,female,28,right,34
80,Briana Perez,male,18,right,30
81,Madison Ferguson,male,23,right,22
82,Nancy Schaefer,male,34,left,73
83,Eric Briggs,female,44,right,51
84,Daniel Zamora,male,23,right,4
85,Terry Scott,male,38,left,54
86,Bradley Johns,female,28,right,10
87,Morgan Smith,female,22,left,16
88,Amber Valdez,female,35,right,11
89,Sierra Rodriguez,male,36,right,77
90,Brenda Mueller MD,female,28,right,70
91,Luis Jenkins,female,45,left,3
92,Jeffrey Wilson,male,31,right,18
93,Alyssa Hopkins,female,28,left,29
94,Dawn Lee,female,45,right,96
95,Mrs. Rebecca Williams,male,32,left,27
96,Angela Smith,male,18,right,54
97,Anna Thomas,female,36,left,9
98,Megan Wilkinson,male,20,left,16
99,Jill Mays,female,25,right,75
100,Keith Marsh,female,42,left,46
101,Kenneth Mullins,male,43,right,80
102,Katelyn Bradley,male,41,right,7
103,Marcus Bennett,female,36,left,67
104,Joseph Weaver,male,19,right,86
105,Denise Barker,female,39,left,66
106,Brittany Clark,female,19,right,47
107,Brooke Hurst,male,30,left,59
108,Christopher Delgado,female,45,right,36
109,Leslie Mcdonald,female,16,left,20
110,Jeffrey Wood,female,25,left,41
111,Benjamin Miller,female,27,left,26
112,Ray Turner,male,32,left,44
113,Michael Smith,male,32,left,21
114,Virginia Munoz,male,38,left,80
115,Thomas Olson,female,35,left,19
116,Julia Finley,male,40,right,31
117,Deborah Fischer,female,44,left,5
118,Erin Rhodes,female,44,left,67
119,Allen Murphy,female,22,right,19
120,Charles Johnson,male,43,right,4
121,John Reynolds,female,24,right,52
122,Benjamin Dickson,male,38,left,86
123,Margaret Becker,female,40,left,89
124,Michelle Vargas,female,37,left,26
125,Tracy Curtis,female,45,right,94
126,James George,male,26,right,48
127,Tiffany Bennett,male,43,right,71
128,Trevor Ross,male,21,left,40
129,Samantha Perry,female,41,right,34
130,Steven Hanson,male,30,right,45
131,Dustin Christensen,male,43,right,58
132,Wayne Morrison,female,24,left,96
133,Brian Garrett,male,16,right,63
134,Samuel May Jr.,female,33,left,79
135,Jennifer Boyer,male,27,left,30
136,Tyler Cooper,male,19,right,1
137,Bruce Ortega,female,29,left,12
138,Dylan Price,female,18,left,23
139,Kimberly Jackson PhD,female,43,right,0
140,Rebecca Jones,female,21,left,94
141,Eugene Mcneil,male,37,right,90
142,Joshua Ford,female,22,left,80
143,Lisa Sims,male,26,left,22
144,Jeffrey Harvey,male,33,right,33
145,Nicole Zamora,male,19,right,58
146,Brandon Jackson,male,21,right,59
147,Steven Dennis,female,35,right,71
148,James Richardson,female,22,left,21
149,Bradley Swanson,male,36,left,43
150,Mr. Jeffrey Miller,female,29,right,8
151,Catherine Wright,female,33,right,9
152,Brooke Harper,female,41,left,1
153,Kelly Gonzalez,male,44,right,93
154,Kelly Orr,male,38,left,1
155,Donald Arroyo,male,43,left,46
156,Ashley Bowen,male,25,right,89
157,Christopher Livingston,female,39,right,42
158,Joseph King,male,19,left,27
159,Joshua Perez,female,32,left,71
160,Kimberly Wright,female,30,left,41
161,Edward Walsh,female,37,right,29
162,Judy Hamilton,male,38,right,51
163,Elizabeth Baker,female,33,left,51
164,Randy Myers,male,40,left,38
165,Jeff Mitchell,female,38,left,57
166,Jonathan Lambert,female,27,left,49
167,David Olson,female,33,left,76
168,Brianna Meyer,male,37,right,95
169,Michael Scott,female,26,right,93
170,Steven Allen,male,30,right,53
171,Kathleen Johns,male,37,right,65
172,Andrea Green,male,26,left,84
173,Monique Lowe,male,36,right,32
174,Elizabeth Ramirez,male,23,right,49
175,Dr. Jennifer Coleman,female,33,left,0
176,Mr. David Pearson,female,25,left,41
177,Brandon Mullins,female,38,right,23
178,Karina Snow,female,42,left,5
179,Christopher Foley,male,34,right,35
180,Stephen Peterson,male,37,left,40
181,Steven Williams,male,16,left,89
182,Kenneth Miller,female,32,right,41
183,Thomas Hunter DDS,female,18,left,0
184,Mary Brooks,female,20,left,6
185,Patricia Fox,male,26,left,58
186,Karen Mora,male,29,right,81
187,Lisa Brock,female,37,right,87
188,Zachary Mosley,male,22,left,4
189,Tanner Burns,male,38,right,80
190,Charles Alvarez,male,25,left,1
191,Matthew Klein,male,39,right,98
192,Jennifer Freeman DVM,male,17,left,42
193,Timothy Hamilton,male,42,left,66
194,Andrew Miranda,female,20,left,98
195,Brian Diaz,female,34,right,43
196,Kelly Hayden,male,33,right,92
197,Christopher Jackson,male,31,left,38
198,Frank Flores,male,44,left,61
199,Julie Gonzalez,female,37,right,99
200,Adam Jackson,female,34,right,54
201,Jason Davis,male,36,left,49
202,Vanessa Curtis,male,20,left,39
203,Matthew Barrett,female,31,right,82
204,Gabriela Dean,female,44,left,40
205,Sherri Thomas,male,42,left,96
206,Melissa Barron,male,21,left,15
207,Kelly Lopez,female,29,right,79
208,Kevin James,female,18,right,94
209,Gary Brown,male,16,right,95
210,Jennifer Crosby,male,38,left,12
211,Gregory Carey,female,17,left,65
212,Erin Chavez,male,26,right,73
213,Victoria Castillo,female,23,right,81
214,Steven Dawson,female,20,left,99
215,Justin Barker,female,28,left,9
216,Caleb Miller,male,37,right,55
217,Stephanie Johnson,male,28,right,64
218,Robert White,female,23,right,78
219,Brenda Taylor,female,25,left,18
220,Dr. Ryan Saunders,male,27,right,53
221,Christopher Burke,female,39,right,12
222,Terry Guerrero,male,33,left,46
223,Brandon Deleon,male,23,left,14
224,Joshua Wiggins,male,19,right,81
225,Danny Jensen,male,39,right,2
226,Kathryn Hickman,male,41,left,93
227,Sandra Mckenzie,female,43,right,54
228,Matthew Stanley,male,18,left,34
229,Kelly Zimmerman,female,29,left,87
230,Laura Jackson,female,32,left,36
231,Linda Aguirre,female,34,left,25
232,Nancy Fowler,male,22,left,65
233,Erica Harris,female,37,right,78
234,Michael Clark,male,45,right,8
235,Vanessa Bond,female,21,right,93
236,Gary Carpenter,male,24,right,85
237,Elizabeth Miles,male,41,right,85
238,John Yates,female,44,right,6
239,Johnny Dawson,female,22,left,95
240,Chris Beck,male,25,left,80
241,Stuart Chapman,male,22,left,56
242,Sherry Mcmillan,male,33,left,86
243,Jordan Miller,male,25,left,7
244,Ryan Thompson,female,23,right,93
245,Sandra Jones,male,17,left,61
246,Yolanda Gray,female,21,right,33
247,Melanie Jackson,female,20,right,83
248,Matthew Graham,male,43,left,35
249,Tamara Morris,female,45,right,36
250,Justin Tran,female,36,right,84
251,Jeffrey Coffey,female,43,left,93
252,Jennifer Moore,male,33,left,26
253,Michael Hoffman,female,39,right,54
254,Austin Cook,female,38,right,35
255,Lauren Wood,female,19,right,90
256,Karen Richardson,female,40,left,45
257,Daniel Holder,female,33,right,18
258,James Salazar,female,25,left,43
259,Donna Johnson,male,42,left,67
260,Edwin Martinez,male,24,right,92
261,Lisa Hudson,male,19,right,8
262,William Lin,female,38,right,55
263,Jerome Smith,female,22,left,40
264,April Brady,female,32,left,41
265,Kim Reyes,male,44,left,82
266,Jeremy Ryan,male,38,left,58
267,Robert Velasquez,female,22,right,85
268,Beverly Krause,female,37,left,97
269,Lisa Gonzalez,female,34,right,9
270,Adam Woodward,male,27,right,48
271,Kelsey Short,female,28,right,70
272,Joseph Armstrong,male,22,left,77
273,Kenneth Mckinney,female,23,left,66
274,Joseph Cohen,male,37,right,35
275,Darrell Williams,female,22,right,56
276,Lydia Crawford,female,19,right,29
277,Regina Long,female,30,right,44
278,Kelli Jones,male,39,right,58
279,Anna Ramirez,female,34,left,4
280,Sean Williams,male,28,left,92
281,Kenneth Thornton,female,31,right,13
282,Carrie Castaneda,female,39,right,17
283,Amber Wong,male,26,left,82
284,Micheal Taylor,female,41,right,46
285,Jordan Harris,male,25,right,7
286,Kristen Rocha,female,37,left,10
287,Madison Ware,female,20,right,72
288,Cindy King,female,45,left,91
289,Melissa Sims,male,33,left,84
290,Olivia Lowe,female,24,left,77
291,Sarah George,female,39,left,18
292,Jeremy Hunt,male,42,left,13
293,Daniel Kline,male,27,right,74
294,Victoria King,female,26,left,14
295,Kirsten Miller,male,24,left,70
296,Richard Chapman,male,25,right,59
297,Shawn Alexander,female,35,left,53
298,Laura Mejia,female,45,left,48
299,Andrew Lambert,female,41,left,60
300,Ashley Gonzalez,female,25,left,30
301,Erin Barnett,male,44,right,44
302,Lisa Reynolds,female,36,right,36
303,Brittany King PhD,male,43,right,60
304,Denise Acevedo,male,43,left,71
305,Manuel Long,female,33,right,59
306,Gregory Powell,female,38,left,66
307,Robert Salinas,male,34,right,32
308,Evan Lee,female,39,left,21
309,Ryan Cook,female,17,right,13
310,Colleen Flowers MD,male,28,left,98
311,Michelle Becker,female,45,right,6
312,Rachael Cantu,female,18,left,84
313,Andrew Schneider,female,27,left,95
314,Marcus Lopez,male,32,right,53
315,Scott King,male,43,right,78
316,Edward Young,male,28,right,55
317,Joan Riley,male,19,left,11
318,Brenda Morgan,male,25,left,16
319,Cory Wise,female,42,left,68
320,Kimberly Jones,male,30,left,78
321,Lauren Jenkins,female,16,right,17
322,Ann Santana,female,30,right,79
323,Bradley Bennett,female,31,left,15
324,David Macias,male,17,right,3
325,Shawn Rodriguez,male,25,right,22
326,Michael Johnson,male,29,left,71
327,Nathan Curry,female,33,right,34
328,Clarence Kaufman,male,26,left,76
329,Corey Jones,female,33,right,49
330,Sheila Burke,female,22,left,87
331,David Bowers,male,17,right,79
332,Matthew Hoffman,male,35,right,31
333,Matthew Gutierrez,female,17,right,50
334,Cole Mcfarland MD,female,19,left,39
335,Paula Gilmore,female,16,left,80
336,Jennifer Rivera,male,30,left,51
337,Kimberly Chapman,male,45,left,14
338,Julia Taylor,male,41,left,44
339,Samuel James,female,29,left,83
340,Annette Robertson,female,43,right,86
341,Mr. Alexander Dominguez,female,45,left,12
342,Christine Davis,female,30,left,83
343,Lisa Miller,female,33,right,38
344,Steven Gonzalez,female,32,left,54
345,Cassidy Chandler,male,28,left,42
346,Ashley Peterson,male,24,right,3
347,Kurt Hunter,male,23,right,37
348,Angelica Nelson,female,34,right,68
349,Kathy Gillespie,female,16,right,30
350,Bianca Stevens,male,35,left,63
351,Craig Wells,male,41,left,32
352,Jeff Harris,female,29,right,76
353,Alan Anderson,female,43,left,86
354,Brooke Boyle,male,43,right,45
355,Craig James,male,19,right,8
356,Matthew Barnes,male,33,right,42
357,Lori Scott PhD,male,18,right,14
358,Nicholas Moore,male,41,left,96
359,Tammy Cunningham,female,21,right,86
360,Martin Lamb,male,43,left,48
361,Cory Davis,male,23,left,60
362,James Porter,male,26,left,22
363,Matthew Brown,female,40,right,29
364,Teresa Jones,male,38,left,15
365,Michelle Stephens,male,29,right,19
366,Courtney Hawkins,male,35,right,58
367,Timothy Johnson,female,33,right,22
368,Amanda Davis,female,42,left,85
369,Edgar Frank,male,32,left,70
370,Laura Gibson,female,31,right,72
371,Misty Velazquez,female,25,right,77
372,Michael Thornton,male,38,right,20
373,Amy Wagner,female,35,right,85
374,Robin Allen,male,29,right,28
375,Benjamin Nguyen,female,34,left,0
376,Sandra Murphy,male,30,right,47
377,Johnny Flowers,female,25,right,30
378,James Martin,female,41,right,43
379,Lisa Harris,female,31,left,0
380,Jason Stokes,female,29,left,79
381,Ariana Fitzpatrick,female,17,left,55
382,Lorraine Clark,male,24,left,29
383,Adrian White,male,17,right,92
384,Amanda Smith,male,20,left,80
385,Kerri Whitehead,female,37,right,77
386,Jessica Oneill,female,18,right,91
387,Rhonda Valencia,male,28,right,65
388,John Roy,male,44,right,32
389,Michele Carter,male,39,left,64
390,Dawn Cole,male,37,right,75
391,Mrs. Deborah Dixon,male,33,left,62
392,Cole Johnson,female,27,right,36
393,Christopher Cline,female,18,right,38
394,Adam Hensley,female,35,right,44
395,Bradley Bell,female,40,left,46
396,Natalie Sanders,female,30,right,52
397,Sara Murray,male,16,right,47
398,Erika Adams,male,38,right,63
399,Christopher Carlson,male,21,right,42
400,George Solomon,male,34,left,19
401,Pamela Walls DDS,male,35,left,2
402,Meagan Anderson,female,44,right,9
403,Michael Summers,male,30,left,19
404,William Evans,male,16,right,33
405,John Mendoza DDS,male,23,right,37
406,Hector Williams,female,17,left,92
407,Chad Lee,female,42,right,58
408,Carlos Morgan,male,36,left,87
409,Jeffrey Rios,female,23,right,16
410,Brian Braun,female,24,left,99
411,Timothy Baker,female,26,left,37
412,Rebecca Owen,female,21,right,46
413,Cassandra Simpson,male,44,right,93
414,Jeffrey Valenzuela,male,27,right,80
415,Paul Wilson PhD,female,45,right,52
416,Adam Pham,female,30,right,74
417,Isaac Hernandez,male,19,left,58
418,Thomas Peterson,male,31,right,69
419,Michael Wilson,female,39,right,24
420,Ronald Paul,male,38,right,20
421,Evelyn Flores,male,37,right,57
422,David Gomez,female,45,right,28
423,Robert Cochran,female,33,right,9
424,Samantha Harris,female,38,left,49
425,Daniel Miles,male,27,left,48
426,Anne Lambert,female,27,left,7
427,Karen Herman,female,19,right,19
428,Dr. Lauren Thomas,female,41,right,81
429,Robin Young,male,44,left,65
430,Rachel Short,female,36,right,98
431,Diane Russell,male,33,left,10
432,Alvin King,female,25,left,87
433,Steven Wright,male,34,left,62
434,Darlene Phelps,male,43,left,87
435,Casey Turner,male,41,left,79
436,Alexis Davis,female,24,left,11
437,Joshua Curry,female,40,right,52
438,David Schwartz,male,16,right,26
439,Tammie Campbell,female,43,right,99
440,William Neal,male,29,right,0
441,Scott Robertson,female,41,left,34
442,Adam Reed,male,32,right,85
443,Jennifer James,female,28,left,81
444,Michael Brown,female,27,left,77
445,Monica Weiss,female,45,left,81
446,Tracey Price,male,23,right,80
447,William Lucero,male,37,left,77
448,Dan Weaver,female,43,right,36
449,Vincent Robinson,male,44,right,22
450,Carol Williams,male,21,right,83
451,Jose Mendoza,female,21,left,65
452,Justin Miller Jr.,female,19,right,54
453,Jerry Ryan,female,32,left,63
454,Savannah Orozco,male,37,left,27
455,Jessica Rodriguez,female,24,left,58
456,Tara Mason,female,42,right,10
457,Jamie Caldwell,male,24,left,61
458,Sharon Thompson,male,32,left,16
459,Michael Johnson,female,21,left,31
460,Jade Hernandez,female,19,left,61
461,Scott Norris,male,24,left,8
462,Sheri Lopez,male,36,left,62
463,Taylor Guzman,male,22,left,37
464,Brooke Stevens,male,33,right,90
465,Micheal Wilson,male,28,left,24
466,Tracy Young,female,41,right,14
467,Michele Lawson,female,41,right,50
468,Matthew White,female,19,right,0
469,Robert Cameron,male,27,left,48
470,Mitchell Lee,female,37,right,25
471,Terri Kirby,female,27,right,69
472,Brian Moore,female,40,left,88
473,Peter Harrison,male,45,right,98
474,Pamela Wolfe,female,27,left,34
475,Kimberly Lee,female,18,left,45
476,Sharon Riley,male,39,right,23
477,Steven Lopez,female,36,right,40
478,James Phillips,male,26,left,8
479,Douglas Schwartz,male,21,right,18
480,James Santana,male,30,right,67
481,Luis Sanchez,male,39,left,81
482,Angela Hicks,male,26,right,86
483,Wanda Stevenson,female,28,left,56
484,Anthony James,male,16,left,25
485,Katie Johnson,female,30,right,75
486,Matthew Gonzales,male,32,left,55
487,Kelly Munoz,female,30,left,53
488,William Joseph,male,45,right,50
489,Peter Howard,male,30,left,6
490,Russell Martinez,female,40,right,87
491,James King,male,40,right,47
492,Rebecca Morton,female,23,left,69
493,Andrea Johnson,male,22,left,92
494,Willie Durham,female,31,left,25
495,Samuel Downs,female,22,left,26
496,John House,male,30,left,4
497,Steven Montgomery,female,38,left,72
498,Erica Moreno,female,44,right,82
499,Angela Marshall,female,32,left,66
500,Derek Nelson,male,26,left,96
501,Tammy Smith,female,23,left,65
502,Christie Harvey,female,43,right,2
503,William Mitchell,female,36,right,1
504,Nicole Williamson,male,27,left,21
505,Diana Powers,female,31,right,48
506,Alexis Huynh,female,28,left,68
507,Jonathan Horton,male,39,left,77
508,Margaret Chang,male,37,right,30
509,Angel Morris,female,25,left,53
510,Natalie Park,female,17,right,99
511,Mr. Jeremy Robles,female,17,left,85
512,Katherine Murray,male,18,right,90
513,Richard Evans,male,32,left,43
514,Tamara Lawson,female,36,left,17
515,Elizabeth Shaffer,male,25,left,95
516,John Garcia,female,31,right,89
517,Rodney Green,male,20,left,32
518,Michael Hess,female,22,left,35
519,Stephanie Craig,male,21,left,88
520,John Reynolds,female,21,left,49
521,Larry Price,female,36,left,22
522,Hayden Jefferson,male,42,right,74
523,Kayla Cruz,female,36,right,24
524,Kevin Vincent,female,35,right,48
525,Amber Lopez,male,23,left,73
526,Jamie Gonzales,female,45,left,48
527,Brandon Martin,female,25,left,90
528,John Fisher,male,20,left,82
529,Jessica Hernandez,female,20,left,5
530,Dr. Angela Brewer,female,44,right,49
531,Paula Bates,male,31,left,61
532,Virginia Waters,male,19,left,4
533,Erin Coleman,male,27,left,12
534,Jamie Harris,female,29,right,22
535,Tyler Phillips,female,35,left,34
536,Curtis Tucker,male,23,right,59
537,Christopher Green,female,23,right,7
538,Samuel Harper,male,32,left,65
539,Dennis Santiago,male,30,right,46
540,Jason Ford,female,44,left,75
541,Daniel Gilbert,female,35,left,54
542,Michael Hart,male,31,right,69
543,Rachel Green,female,24,right,30
544,Johnathan Cruz,female,23,right,90
545,James Mcbride,female,37,left,92
546,Julie Johnson,female,19,left,59
547,Steven Patterson,male,41,left,87
548,Theresa Hoover,male,33,left,61
549,Brian Chavez,male,32,left,73
550,Janice Adams,female,28,right,30
551,Lisa Mcfarland,male,22,left,43
552,Nancy Hoover,female,40,right,25
553,James Perez,male,43,right,36
554,Brenda Figueroa,male,33,left,46
555,Anita Thompson,female,25,left,43
556,Raymond Harris,male,40,right,57
557,John Jordan,male,41,left,18
558,Shane Long,female,28,right,25
559,Edwin Herring,male,32,left,24
560,Kelli Walker,male,35,right,89
561,Alfred Lewis,female,36,right,44
562,Ronald Young,female,39,left,65
563,Kimberly Leonard,male,25,left,5
564,Nicole Marshall,female,23,left,13
565,Billy Vazquez,female,17,right,38
566,Ann Martinez,male,36,right,8
567,Robert Estrada,female,25,left,97
568,Kristi James,male,39,right,40
569,Calvin Burton,female,44,right,86
570,Michael Johns,male,16,right,31
571,Bruce Rodgers,male,42,left,14
572,Rachel Wright,male,45,left,83
573,Sherri Mitchell,male,30,right,67
574,Jason Miller,male,19,left,18
575,Theresa Clark DDS,male,43,right,45
576,Randy Allen,female,25,right,88
577,Emma Ashley,female,38,right,32
578,Jessica Mccormick,male,43,left,33
579,Walter Williams,male,37,left,17
580,Dustin Washington,female,35,left,61
581,Martin Proctor,male,36,left,98
582,Ann Gordon,male,45,left,78
583,Antonio Lamb,male,37,left,35
584,Bill Wang,female,25,right,34
585,Nathan Jordan,female,44,left,24
586,Nathaniel Weber,male,44,right,92
587,James Jackson,male,29,left,57
588,Robin Payne,female,37,left,55
589,Bruce Hoover,male,20,right,92
590,Victor Munoz,male,40,right,63
591,John Martin,male,30,left,76
592,Cindy Williams,female,31,right,5
593,Kerri Hale,female,28,right,75
594,Stephanie Hopkins,female,17,left,6
595,Lauren Hawkins,female,28,left,86
596,Stephen Wagner,female,21,right,90
597,Ruth Harris,male,23,right,15
598,Mark Fowler,male,18,left,93
599,Justin Norman,female,35,right,35
600,Lori Gonzalez,male,24,left,20
601,Chelsea Newman,female,17,right,51
602,Ryan Ellis,male,39,right,0
603,Timothy Molina,female,45,left,45
604,Jessica Brown,male,21,left,34
605,Karina Lane,female,43,right,63
606,Benjamin Baker,male,44,right,53
607,Jennifer Charles,male,42,right,4
608,Duane Cameron,female,45,left,55
609,Tony Ward,male,29,right,46
610,David Martin,male,26,right,66
611,Bradley Jimenez,male,20,left,17
612,Paula Wolfe,female,18,left,94
613,Michael Munoz,female,44,left,21
614,Tracy Deleon,male,18,right,0
615,Amanda Rowe,male,22,left,79
616,William Glover,female,28,left,84
617,Marvin Payne,male,34,right,91
618,Juan Perez,female,38,right,7
619,Michelle Hammond,female,18,right,78
620,Katelyn Rodriguez,female,29,left,93
621,Catherine Hinton,male,29,right,84
622,Patrick Smith,female,23,right,61
623,Tiffany Castillo,female,16,right,37
624,Aaron Becker,male,22,left,53
625,Nicole Reed,male,18,right,11
626,Keith Wright,male,24,left,18
627,Allen Peters,female,43,right,70
628,Gerald Friedman,female,16,right,52
629,Alison Rodriguez,male,40,right,12
630,Brian Shields,male,44,left,92
631,Michelle Brown,female,34,right,57
632,Dustin Smith,female,31,left,41
633,Shelia Huang,female,40,right,94
634,Darius Cook,female,18,right,19
635,Justin Meyer,male,43,left,98
636,Martin Larson,female,27,right,94
637,Bradley Wilson,male,24,left,16
638,Cheryl Santos,male,18,left,69
639,Evan Estrada,male,16,right,63
640,Melissa Goodwin,female,35,left,65
641,Scott Thompson,male,19,left,76
642,Haley Franco,female,42,left,4
643,Catherine Grant,male,44,right,53
644,Donna Cortez,female,24,right,83
645,Ronald Stevens,female,23,left,74
646,Stacey Harvey,female,33,right,97
647,Karen Gonzales,female,42,right,45
648,Charles Koch,male,31,left,57
649,Marilyn Ashley,female,45,right,84
650,William West,male,25,right,42
651,Richard Johnson,female,17,left,27
652,Todd Harvey,male,36,left,88
653,Danny Rivera,female,26,right,81
654,Chelsea Parker,male,18,left,22
655,Angela Torres,female,20,left,60
656,Phillip Williams MD,male,37,right,71
657,Dr. Jerry Luna,male,44,left,78
658,Daniel Davis,female,33,right,61
659,Edgar Kaiser,female,17,right,80
660,Jon Webb,female,21,left,70
661,Douglas Rodriguez,male,22,left,41
662,Samantha Cardenas,male,32,left,99
663,Michelle Cabrera,female,24,right,1
664,Jack Kelly,male,24,left,17
665,Mr. Jeffrey Blanchard,male,29,left,6
666,Robert Williams,female,22,right,89
667,Brandon Abbott,female,26,right,31
668,Eddie Greene,female,32,right,27
669,Leon Pope,male,21,right,56
670,Maria Bonilla,male,20,right,96
671,Timothy Jones,female,42,left,64
672,Michael Burnett,male,44,left,45
673,Tanya Mercado,male,45,left,43
674,Melissa Haas,female,34,right,33
675,Lisa Small,female,24,left,3
676,Kelly Vaughn,female,33,left,72
677,Christy Brown,female,20,left,47
678,Matthew May,male,31,right,78
679,Melinda Anderson,male,39,right,89
680,Alexis Evans,male,17,left,88
681,Lonnie Nguyen,female,20,right,55
682,Thomas Camacho,female,21,right,13
683,Monica Rivera,male,18,left,4
684,Holly Mcgrath,female,44,right,53
685,Preston Tucker,female,33,left,73
686,Jason Nelson,male,28,left,70
687,Christopher Thompson,female,17,left,97
688,Anna Ramirez,male,21,left,43
689,Erika Gill,female,21,left,58
690,Joshua Ferrell,female,38,right,85
691,Courtney Watson,male,22,left,24
692,Penny May,female,32,right,38
693,Matthew Thomas,male,25,left,6
694,John Collins,female,36,right,61
695,Clarence Patel,female,42,left,68
696,James Young,female,33,left,60
697,Brandon Warren,female,19,left,83
698,Amber Williams,male,42,left,55
699,Betty Gonzalez,male,35,left,65
700,Manuel Harris,male,39,right,42
701,Jennifer Perkins,female,34,left,10
702,Cathy Rojas,male,29,right,32
703,Gina Beck,male,26,left,57
704,Erin Ferguson,male,42,left,6
705,Tiffany Kelly,female,41,right,73
706,Doris Matthews,female,37,left,1
707,Kevin Hoffman,female,34,left,98
708,Kevin Carroll,male,19,left,61
709,Diana Buckley,female,41,right,96
710,Patricia Rivera,male,43,left,88
711,George Patel,female,19,left,39
712,Ashley Soto,male,27,right,47
713,Paul Miller,male,19,right,94
714,David Kelly,female,25,left,69
715,Mackenzie Woods,male,35,right,8
716,Alicia Kelly,female,30,left,76
717,Christina Knight,male,31,right,43
718,Kathleen Cruz,female,23,right,77
719,Aaron Patel,female,42,left,58
720,Carl Figueroa,female,44,right,90
721,Vincent Meyer,female,27,right,1
722,Daniel Garcia,female,44,left,5
723,William Young,male,35,left,53
724,Crystal Adkins,male,25,left,78
725,Cody Taylor,female,19,right,51
726,Brenda Martin,female,32,left,56
727,Kyle Stanley,male,18,left,65
728,Anthony Compton,female,22,right,56
729,Kenneth Wells,male,38,left,47
730,Crystal Evans,female,16,left,96
731,Anthony Martinez,female,20,left,6
732,Evan Alexander,male,40,left,42
733,Jonathon Ortiz,female,25,left,62
734,Mark Jones,female,40,left,48
735,Amanda Gonzalez,female,36,right,59
736,Eric Williams,male,44,left,96
737,Michelle Brown,female,27,left,79
738,Janet Anderson,female,21,left,67
739,Brenda Jones,male,25,left,45
740,Stacey Mitchell,male,32,right,62
741,Abigail Lopez,female,26,right,24
742,Victor Robinson,female,32,right,83
743,Zachary Martinez,male,22,right,62
744,Christopher Flores,female,36,right,48
745,Emily Hanson,male,45,left,67
746,Mary Edwards,female,37,left,89
747,Gloria Eaton,female,23,left,98
748,Monica Hawkins,female,23,right,88
749,Jessica Hammond,female,23,left,94
750,David Rasmussen,female,22,left,44
751,Debbie Ellis,female,23,right,4
752,Jillian Stewart,male,31,right,15
753,Donald Thompson,male,28,left,20
754,Cynthia Wang,male,26,right,90
755,Amanda Baker,female,36,right,70
756,Renee Moore,female,43,left,14
757,Samantha Hart,female,34,left,68
758,Jennifer King,male,17,left,44
759,James Schmidt,male,16,right,97
760,Richard Jones,female,36,left,26
761,Elizabeth Bradshaw,male,41,right,27
762,Loretta Sawyer,female,39,left,24
763,Dr. Jennifer Russell MD,female,22,right,91
764,Christine Montgomery,female,18,right,69
765,John Villa,female,37,right,98
766,Jeffery Leblanc,male,45,left,39
767,Debbie Walters,male,35,right,6
768,Steven Rodgers,female,26,left,26
769,Holly Greene,female,39,right,73
770,Jessica Rose,male,21,left,61
771,Stacey Sampson,male,20,left,14
772,Daisy Rivera,female,21,left,63
773,Pamela Rubio,male,18,right,83
774,Collin Nelson,female,32,right,11
775,Tony Roberson,female,30,left,8
776,Erica Stewart,male,36,right,39
777,Eric Snyder,male,42,right,84
778,Gregory Kelly,male,45,right,97
779,Ellen Koch,female,32,right,67
780,Julie Bradford,female,28,left,3
781,Christopher Garcia,female,16,left,35
782,Stacey Flynn,male,26,left,89
783,Joanna Ward,male,30,right,88
784,Jasmine Craig,male,25,left,21
785,James Morgan,male,38,right,1
786,Whitney Johnson,female,20,left,91
787,William Cortez,male,41,left,78
788,Heather Brooks,female,19,right,67
789,Victor Henry,female,45,right,68
790,Ryan White,male,16,right,5
791,Carolyn Lee,female,25,left,13
792,Sonya Lewis,male,25,left,57
793,Margaret Bird,male,40,left,31
794,Jacob Anderson,female,23,left,98
795,Bryan Berry III,female,45,right,75
796,Michael Liu,male,29,right,45
797,Cynthia Schaefer,female,26,right,42
798,Thomas Lopez,male,22,left,71
799,Daniel Carter,female,22,left,32
800,Brooke Soto,female,22,left,61
801,Brandon Watkins,male,30,right,20
802,Adam Turner,male,40,right,48
803,Amanda Gutierrez,female,24,left,97
804,Michael Carrillo,male,21,right,94
805,Alicia Wolfe,male,34,left,24
806,Maria Cummings,male,32,right,9
807,Amanda Bond,male,44,right,70
808,Lucas Wagner,male,16,right,17
809,Tyler Taylor,female,43,right,4
810,Rebecca Cooper,female,44,right,57
811,Debra Diaz,male,43,right,25
812,Joshua Mcconnell,female,29,right,16
813,Janet Branch,male,24,left,50
814,Meghan Morrison,female,30,left,58
815,Clayton Brown,male,41,right,63
816,Maria Weber,male,40,left,23
817,Sean Mora,male,20,right,9
818,Vanessa Hernandez,male,26,left,64
819,Linda Bradshaw,male,36,right,2
820,Ronnie Cannon,female,31,left,43
821,Andrea Benjamin,male,41,left,33
822,Heather Dougherty DVM,female,21,right,61
823,Joel Yates,male,24,left,80
824,Nicholas Mercer,male,26,right,58
825,Jonathan Rogers,male,41,right,77
826,Robert Oconnor,male,21,right,99
827,Lisa Bowman,male,23,left,24
828,Christopher Ali,female,16,left,7
829,Nathan Krueger,female,25,left,52
830,Patrick Lopez,female,29,right,71
831,Alice Miller,female,21,left,95
832,Roger Anderson,male,44,left,94
833,Sara Whitehead,female,19,left,1
834,William Miller,male,44,right,28
835,Terry Vega Jr.,male,18,right,46
836,Charles Anderson,male,16,right,58
837,Michael Schwartz II,female,31,left,4
838,Belinda Lopez,male,42,left,89
839,Justin Morris MD,female,36,left,9
840,David Parsons,female,21,left,80
841,Amanda Martinez,female,32,left,11
842,Katelyn Davis,male,25,left,58
843,Scott Rodriguez,female,44,left,37
844,Eddie Lewis,male,23,left,64
845,Rachael Mcbride,male,19,left,25
846,Eric Bell,female,42,left,57
847,Christopher Ross,male,37,left,48
848,Edward Smith,male,32,right,36
849,David Shannon,female,28,left,61
850,Marcus Pham,female,22,right,84
851,Timothy Watson,male,17,right,17
852,Courtney Miles,female,36,left,90
853,Jessica Wilson,male,32,right,96
854,Cristina Park,male,23,left,50
855,Shawn Thomas,male,38,right,55
856,Brandy Benson,male,20,right,50
857,Miguel Coleman,male,29,left,8
858,Steven Davis,female,26,right,19
859,Joseph Morris,male,42,right,30
860,Elizabeth Johnson,male,22,right,29
861,Danielle Jacobs,male,18,right,17
862,Amy Jackson,male,37,left,26
863,Joseph Trujillo,male,44,right,37
864,Penny Mejia,female,35,right,24
865,Kenneth Payne,male,37,right,32
866,Kyle Mitchell,female,44,right,88
867,Theresa Smith,male,29,right,99
868,Daniel Daniels,female,45,left,51
869,Mark Mckee,male,33,right,20
870,Isabel Jacobs,male,37,left,48
871,Mallory Jennings,male,35,left,1
872,Anthony Barnett,male,17,left,13
873,Amanda Lowe,male,35,left,66
874,Sharon Hartman,male,27,right,88
875,Terry Reed,male,25,right,5
876,Nichole Hart,female,27,right,85
877,Jacqueline Weber,male,29,right,18
878,Keith Robinson,male,34,left,44
879,Taylor Harris,male,45,left,52
880,Michael Murphy,female,29,left,20
881,Ryan Morrison,female,26,right,5
882,Edward Ortiz,female,30,right,53
883,Tamara Cooper,female,41,left,19
884,Alexandra Howard,female,16,left,86
885,Heather Melton,female,44,left,47
886,Shelby Tapia,female,43,right,78
887,William Davila,male,37,right,90
888,Zachary Ellis,male,39,left,88
889,George Khan,male,19,left,92
890,Sally Nixon,female,43,left,12
891,Gary Miller,female,42,right,9
892,Andrew Miller,male,43,left,96
893,Matthew Chang,male,41,right,16
894,Lucas Smith,male,23,left,23
895,Michael Cervantes,male,44,left,62
896,Joseph Johnson,male,43,right,73
897,Michael Perez,male,40,right,26
898,Philip Brown,female,20,right,60
899,Victor Duran,male,40,right,48
900,Paige Houston,female,40,right,71
901,Jacob Pearson,female,45,left,80
902,Lorraine Smith,female,37,left,68
903,Ashley Miller,male,22,left,43
904,Christopher Ferguson,female,36,right,72
905,Jamie Garner,female,34,right,68
906,Glenda Page,female,41,left,44
907,Brianna Ramirez,female,29,right,74
908,Lawrence Johns,male,18,right,38
909,Wyatt Melton,male,41,left,28
910,Kaylee Andrews,male,43,right,94
911,Angela Wilson,male,32,left,7
912,John Bauer,female,32,left,57
913,Charles Bowers,male,38,left,72
914,Julia Hill,male,31,right,70
915,Robert Williams,male,24,left,3
916,Erica Perez,female,44,left,90
917,Daryl Smith,male,20,right,99
918,Kaitlin Smith,male,25,left,9
919,Mary Wilcox,female,18,right,37
920,Katherine Payne,female,30,left,92
921,Austin Carter,female,30,right,67
922,Marissa Ramirez,male,28,left,13
923,James Adams,male,34,right,51
924,Melissa Perez,male,42,right,7
925,Matthew Hines,male,24,right,26
926,Adam Russell,male,27,right,52
927,Nicole Smith,male,39,right,84
928,Mario Anderson,female,40,left,48
929,Heather Bennett,female,33,left,35
930,Rodney Becker,female,29,left,14
931,Natasha Hendricks,male,33,right,72
932,Adam Glover,female,33,left,2
933,George Turner,male,42,left,87
934,Thomas Hayes,female,25,left,91
935,Kaylee Richard,female,34,left,4
936,Margaret Travis,female,45,left,67
937,Wesley Johnson,male,45,left,77
938,John Carroll,male,35,right,27
939,Harold Mejia,male,19,right,22
940,Carolyn Merritt,female,35,right,23
941,Dr. Peter Cox,female,35,right,97
942,Chelsea Lopez,male,17,right,58
943,Russell Ortiz,male,37,left,10
944,Crystal Huerta,male,18,left,39
945,Daniel Watts,female,29,left,66
946,Jeffery Lee,male,27,right,68
947,Patricia Garcia,male,16,left,21
948,Dorothy Martinez,female,39,right,94
949,Jennifer Young,male,45,left,9
950,Rachel Porter,male,31,left,94
951,Lisa Hudson,male,28,right,26
952,Douglas Cowan,female,34,right,25
953,Bruce Patton,male,25,left,23
954,Bryan Wells,female,33,right,23
955,Taylor Crane DVM,male,26,left,24
956,Ashley Miller,male,21,right,70
957,Ryan Webb,female,24,right,98
958,Ryan Davis,female,45,left,54
959,Ronald Moreno,male,23,left,4
960,Stephanie Lopez,male,41,left,32
961,Mary Mathis,female,28,left,80
962,Melinda Martinez,female,37,right,38
963,Kurt Mason,female,19,left,34
964,Kristopher Gibbs,female,32,right,20
965,Sabrina Mcconnell,male,23,left,59
966,Alexander Stokes,female,28,right,11
967,Eileen Ellis,female,35,right,7
968,Roberto Morris,female,39,left,16
969,Danielle Smith,male,31,right,58
970,Roger Keith,male,16,left,27
971,Connor Estrada,male,26,right,90
972,Rachel Doyle,female,21,right,83
973,Christopher Lee,male,31,left,64
974,Jennifer Stevens,male,29,right,13
975,Nicole Dixon,male,19,right,95
976,Michael Lane,male,29,right,18
977,Taylor Brown,male,31,left,60
978,Kristopher King,female,21,right,6
979,Lisa Fuller,female,17,left,10
980,Deborah Cline,male,19,left,38
981,Jonathan Henry,female,31,right,59
982,Mr. Walter Farley,male,16,right,23
983,Sean Gonzalez,female,45,right,0
984,Diana Graham,female,39,right,66
985,Erica Lee,female,42,right,30
986,Timothy West,male,39,right,40
987,Tamara Jimenez,female,24,left,80
988,Catherine Carroll,female,31,left,6
989,Donna Martin,female,18,right,92
990,Marvin Johnson,male,38,left,84
991,Elizabeth Howard,male,36,left,73
992,Carmen Moore,male,40,right,54
993,Kenneth Nunez,female,23,right,35
994,Dustin Mckinney,male,32,right,59
995,Thomas Jenkins,male,22,right,57
996,John Gilbert,female,18,right,54
997,Hunter Bailey,male,45,right,92
998,Nicole Duffy,female,44,right,56
999,Jason Mcmillan,male,20,left,58
1000,Susan Dean,male,23,left,13
